,country,A,B,t_off,t_w,mse,population
0,Italy,-2.000000,2.131504,1.356695,18.530892,1215,60461826
