,country,A,B,t_off,t_w,mse,population
0,Italy,-1.999442,2.124641,1.000000,19.261241,1966,60461826
